Budget,Climate,Duration,Activity,Season,Region,Destination
Low,Temperate,3,City Break,Spring,International,New York
Medium,Mild,3,Historical,Autumn,International,Machu Picchu
Low,Warm,2,Beach,Spring,Domestic,Andaman Islands
High,Cold,11,Skiing,Winter,International,Japan
Low,Mild,2,City Break,Summer,Domestic,Rishikesh
High,Warm,6,Island Hopping,Summer,International,Fiji
High,Warm,6,Desert Safari,Winter,International,Dubai
High,Cold,12,Mountain Climbing,Spring,International,Kilimanjaro
Low,Warm,2,City Break,Spring,International,Barcelona
Medium,Warm,2,Desert Safari,Winter,International,Morocco
Medium,Cool,9,Mountain Climbing,Spring,Domestic,Varanasi
Medium,Temperate,2,Historical,Autumn,International,Istanbul
Medium,Warm,6,Beach,Summer,Domestic,Varanasi
Medium,Mild,8,Food Tour,Autumn,International,Spain
Medium,Warm,2,Desert Safari,Winter,International,Namibia
Low,Sunny,2,Beach,Summer,International,Phuket
High,Warm,7,Cruise,Summer,Domestic,Cox’s Bazar
Medium,Sunny,6,Island Hopping,Spring,International,Croatia
Low,Warm,4,Historical,Autumn,International,Istanbul
Medium,Cold,7,Skiing,Winter,International,Sweden
Low,Hot,6,Island Hopping,Spring,International,Philippines
High,Hot,4,Beach,Summer,International,Bali
Medium,Snowy,9,Skiing,Winter,International,Sweden
Low,Hot,2,Island Hopping,Summer,International,Philippines
Low,Cool,8,Mountain Climbing,Summer,Domestic,Agra
Medium,Hot,7,Island Hopping,Spring,Domestic,Rajasthan Forts
High,Cool,14,Mountain Climbing,Spring,International,Everest Base Camp
Medium,Sunny,6,Beach,Spring,International,Phuket
High,Mild,7,Food Tour,Summer,International,Mexico
Medium,Warm,4,Desert Safari,Autumn,Domestic,Darjeeling Hills
Medium,Warm,6,City Break,Autumn,International,London
High,Cool,13,Mountain Climbing,Summer,International,Everest Base Camp
Low,Snowy,6,Skiing,Winter,International,Swiss Alps
Low,Temperate,5,Food Tour,Summer,International,Vietnam
Low,Warm,2,Food Tour,Summer,International,Thailand
Low,Warm,10,Cruise,Summer,International,Alaska
Medium,Cool,8,Hiking,Autumn,International,Switzerland
Medium,Cool,13,Mountain Climbing,Summer,International,Everest Base Camp
Low,Rainy,3,Wildlife,Monsoon,Domestic,Kashmir Valley
Medium,Cold,12,Mountain Climbing,Summer,International,Everest Base Camp
Low,Cool,3,Hiking,Spring,International,Switzerland
Low,Temperate,5,City Break,Summer,International,Barcelona
Low,Rainy,4,Jungle Trekking,Winter,International,Costa Rica
Medium,Warm,3,City Break,Autumn,Domestic,Agra
Medium,Rainy,6,Jungle Trekking,Dry,International,Costa Rica
Low,Rainy,3,Jungle Trekking,Winter,Domestic,Kashmir Valley
Low,Sunny,2,Island Hopping,Summer,Domestic,Rishikesh
Medium,Temperate,9,Hiking,Spring,International,Norway
Medium,Cold,8,Skiing,Winter,International,Japan
Low,Sunny,4,Island Hopping,Summer,Domestic,Sundarbans
Medium,Hot,2,Desert Safari,Autumn,International,Namibia
Medium,Temperate,8,Hiking,Winter,International,Norway
High,Cool,9,Mountain Climbing,Spring,Domestic,Kashmir Valley
Medium,Cold,8,Hiking,Spring,Domestic,Shimla
High,Snowy,11,Skiing,Winter,International,Japan
Low,Warm,4,Beach,Summer,International,Phuket
Medium,Warm,5,City Break,Autumn,International,New York
Medium,Warm,6,City Break,Autumn,Domestic,Ladakh
Medium,Mild,4,Hiking,Autumn,International,Switzerland
High,Cool,5,Hiking,Spring,International,Switzerland
High,Sunny,12,Cruise,Summer,International,Caribbean
Medium,Cold,9,Mountain Climbing,Spring,International,Mont Blanc
Medium,Sunny,4,Beach,Summer,Domestic,Jaipur
Medium,Hot,2,Desert Safari,Autumn,Domestic,Varanasi
Medium,Mild,9,Hiking,Autumn,International,Norway
High,Warm,8,Cruise,Spring,International,Alaska
High,Cool,6,Hiking,Winter,International,New Zealand
Medium,Snowy,6,Skiing,Winter,International,Japan
Low,Cold,5,Hiking,Autumn,International,Switzerland
High,Mild,5,Food Tour,Spring,Domestic,Jaipur
Medium,Warm,2,Beach,Spring,International,Cancun
High,Cold,11,Skiing,Winter,International,Canada
Medium,Mild,6,City Break,Summer,Domestic,Kerala Backwaters
High,Mild,3,City Break,Spring,International,New York
High,Rainy,9,Wildlife,Monsoon,Domestic,Shimla
Medium,Mild,2,City Break,Spring,International,New York
Low,Mild,5,Food Tour,Spring,Domestic,Cox’s Bazar
Low,Temperate,6,Food Tour,Spring,International,Mexico
Low,Cool,6,Hiking,Spring,Domestic,Agra
Low,Hot,4,Wildlife,Winter,Domestic,Mysore
Medium,Cold,9,Mountain Climbing,Spring,International,Patagonia
Medium,Hot,5,Beach,Spring,International,Santorini
Low,Cool,4,Historical,Autumn,International,Kyoto
High,Snowy,6,Skiing,Winter,International,Colorado
Low,Warm,6,Beach,Spring,International,Phuket
Low,Cool,12,Mountain Climbing,Summer,International,Kilimanjaro
Low,Cold,7,Hiking,Winter,International,Norway
Low,Warm,4,Jungle Trekking,Dry,International,Congo
High,Warm,8,Historical,Autumn,International,Istanbul
Low,Temperate,6,Wildlife,Winter,International,Kenya
Medium,Temperate,4,Food Tour,Summer,International,Mexico
High,Temperate,3,City Break,Summer,Domestic,Varanasi
Low,Mild,9,Cruise,Spring,International,Caribbean
Medium,Cool,6,Hiking,Winter,International,Peru
Medium,Cool,8,Mountain Climbing,Summer,International,Patagonia
Medium,Warm,6,Jungle Trekking,Dry,Domestic,Varanasi
High,Cold,8,Skiing,Winter,Domestic,Sundarbans
High,Hot,6,Beach,Spring,International,Phuket
Low,Cool,8,Hiking,Spring,International,Peru
Medium,Warm,3,Food Tour,Summer,International,Thailand
Medium,Sunny,5,Beach,Summer,International,Maldives
Low,Mild,4,Food Tour,Spring,International,Thailand
Low,Hot,3,Wildlife,Spring,International,Kenya
Low,Warm,3,Historical,Autumn,International,Istanbul
Medium,Snowy,7,Skiing,Winter,International,Japan
Low,Warm,2,Food Tour,Spring,Domestic,Cox’s Bazar
Low,Warm,6,Beach,Spring,International,Maldives
High,Temperate,6,City Break,Autumn,Domestic,Ladakh
Low,Warm,3,Desert Safari,Winter,International,Egypt
High,Mild,8,Cruise,Summer,Domestic,Cox’s Bazar
Low,Hot,3,Jungle Trekking,Dry,International,Borneo
High,Sunny,12,Cruise,Spring,International,Greek Islands
Medium,Mild,7,Food Tour,Summer,Domestic,Kerala Backwaters
Medium,Snowy,10,Skiing,Winter,International,Japan
Low,Warm,7,Food Tour,Autumn,Domestic,Varanasi
Low,Sunny,2,Island Hopping,Summer,International,Philippines
Medium,Cold,9,Hiking,Autumn,International,Peru
High,Cool,11,Mountain Climbing,Spring,International,Kilimanjaro
Medium,Sunny,5,Beach,Spring,International,Phuket
High,Hot,9,Island Hopping,Summer,Domestic,Sundarbans
High,Cold,14,Mountain Climbing,Spring,International,Mont Blanc
Low,Mild,3,Food Tour,Summer,International,Mexico
High,Warm,7,Jungle Trekking,Dry,International,Congo
Medium,Sunny,6,Island Hopping,Summer,Domestic,Rajasthan Forts
High,Sunny,8,Cruise,Summer,International,Greek Islands
Medium,Warm,6,Jungle Trekking,Winter,International,Borneo
Medium,Cold,7,Skiing,Winter,International,Japan
Medium,Cool,10,Mountain Climbing,Spring,Domestic,Andaman Islands
High,Cold,6,Hiking,Autumn,Domestic,Sundarbans
High,Rainy,5,Jungle Trekking,Winter,Domestic,Kerala Backwaters
Medium,Mild,4,City Break,Spring,Domestic,Darjeeling Hills
Low,Warm,7,Food Tour,Autumn,International,Italy
Low,Cold,5,Hiking,Winter,International,Peru
Medium,Warm,4,Desert Safari,Winter,International,Dubai
Low,Cool,6,Hiking,Spring,International,Norway
Medium,Cool,13,Mountain Climbing,Summer,International,Patagonia
Low,Warm,3,Desert Safari,Autumn,Domestic,Rishikesh
High,Warm,7,Wildlife,Monsoon,International,Madagascar
Medium,Mild,6,Cruise,Spring,International,Mediterranean
High,Warm,8,Cruise,Summer,International,Alaska
Medium,Cool,7,Hiking,Autumn,International,Norway
Medium,Mild,6,Food Tour,Autumn,Domestic,Shimla
Medium,Cold,13,Mountain Climbing,Spring,International,Patagonia
Low,Cool,8,Hiking,Spring,International,New Zealand
High,Cool,13,Mountain Climbing,Summer,International,Patagonia
Medium,Warm,5,Historical,Autumn,International,Kyoto
High,Sunny,10,Cruise,Spring,International,Mediterranean
Medium,Warm,7,Island Hopping,Spring,Domestic,Kashmir Valley
Low,Mild,2,Historical,Autumn,International,Rome
High,Warm,10,Jungle Trekking,Dry,Domestic,Andaman Islands
Low,Temperate,2,City Break,Summer,Domestic,Sundarbans
Low,Warm,2,City Break,Summer,International,London
Low,Rainy,3,Jungle Trekking,Dry,Domestic,Mysore
Medium,Rainy,9,Jungle Trekking,Winter,International,Borneo
Low,Temperate,7,Food Tour,Summer,International,Spain
Low,Warm,8,Jungle Trekking,Winter,International,Congo
Low,Cool,3,Hiking,Spring,International,Switzerland
Low,Warm,8,Jungle Trekking,Dry,Domestic,Agra
Medium,Warm,2,Desert Safari,Winter,Domestic,Rajasthan Forts
Medium,Warm,6,Jungle Trekking,Winter,Domestic,Rishikesh
Low,Mild,2,City Break,Autumn,Domestic,Andaman Islands
High,Temperate,8,Food Tour,Autumn,Domestic,Andaman Islands
High,Warm,9,Cruise,Summer,Domestic,Rajasthan Forts
High,Cool,10,Mountain Climbing,Summer,International,Kilimanjaro
Low,Temperate,6,Historical,Autumn,International,Machu Picchu
High,Mild,5,City Break,Autumn,International,Prague
High,Warm,4,Historical,Spring,Domestic,Darjeeling Hills
Low,Warm,4,Food Tour,Summer,International,Mexico
Medium,Temperate,2,Historical,Spring,International,Kyoto
High,Cool,5,City Break,Summer,International,London
Low,Cold,4,Skiing,Winter,Domestic,Darjeeling Hills
Low,Mild,5,Food Tour,Summer,Domestic,Rishikesh
Low,Cool,7,Hiking,Spring,International,New Zealand
High,Warm,3,City Break,Summer,International,Prague
High,Warm,9,Cruise,Summer,International,Mediterranean
High,Cool,8,Hiking,Spring,International,Norway
Medium,Rainy,6,Jungle Trekking,Dry,International,Manu National Park
Low,Warm,6,Wildlife,Monsoon,International,Galapagos
Low,Hot,2,Desert Safari,Winter,International,Morocco
Low,Sunny,7,Cruise,Spring,International,Mediterranean
Low,Hot,6,Wildlife,Monsoon,Domestic,Mysore
Low,Warm,7,Jungle Trekking,Winter,Domestic,Jaipur
High,Cool,11,Mountain Climbing,Summer,Domestic,Rajasthan Forts
Medium,Cold,8,Hiking,Winter,International,Switzerland
Low,Warm,3,Wildlife,Spring,Domestic,Kashmir Valley
Medium,Mild,3,City Break,Summer,International,London
Low,Sunny,2,Beach,Summer,International,Gold Coast
High,Snowy,7,Skiing,Winter,International,Japan
High,Mild,4,Food Tour,Summer,International,Vietnam
High,Mild,11,Cruise,Summer,Domestic,Mysore
High,Temperate,5,Wildlife,Spring,International,Serengeti
High,Mild,10,Hiking,Spring,International,Austrian Alps
Medium,Rainy,8,Jungle Trekking,Winter,International,Manu National Park
Medium,Mild,7,Food Tour,Autumn,Domestic,Sundarbans
High,Sunny,9,Cruise,Summer,Domestic,Darjeeling Hills
Low,Temperate,3,City Break,Spring,Domestic,Darjeeling Hills
High,Warm,11,Cruise,Spring,Domestic,Jaipur
High,Warm,3,Desert Safari,Winter,International,Egypt
Medium,Mild,5,Food Tour,Autumn,International,Italy
Low,Cool,4,Hiking,Autumn,International,Norway
Low,Cool,5,Hiking,Spring,International,Peru
Medium,Temperate,5,Food Tour,Spring,International,Thailand
Low,Temperate,5,Food Tour,Spring,Domestic,Kashmir Valley
High,Snowy,6,Skiing,Winter,International,Japan
Low,Temperate,5,Hiking,Autumn,International,Peru
Low,Cold,6,Skiing,Winter,International,Sweden
High,Snowy,10,Skiing,Winter,International,France
Low,Sunny,5,Beach,Summer,International,Phuket
High,Cool,6,Hiking,Autumn,International,Norway
Medium,Snowy,7,Skiing,Winter,International,France
High,Warm,6,Island Hopping,Spring,International,Philippines
Medium,Cool,3,Historical,Spring,International,Kyoto
Medium,Temperate,4,Hiking,Winter,International,Norway
High,Hot,9,Island Hopping,Summer,Domestic,Goa Beaches
Low,Temperate,6,Wildlife,Winter,International,Amazon
High,Cold,10,Skiing,Winter,International,Canada
High,Cool,3,Historical,Spring,International,Rome
High,Cold,9,Skiing,Winter,Domestic,Goa Beaches
Low,Hot,5,Island Hopping,Summer,Domestic,Sundarbans
High,Warm,6,Desert Safari,Winter,International,Dubai
Medium,Warm,8,Island Hopping,Summer,International,Fiji
High,Mild,7,Cruise,Summer,Domestic,Darjeeling Hills
Low,Warm,4,City Break,Summer,International,Tokyo
Low,Cold,9,Mountain Climbing,Spring,International,Everest Base Camp
Medium,Warm,8,Food Tour,Spring,International,Thailand
Low,Rainy,2,Wildlife,Winter,International,Costa Rica
Low,Mild,2,City Break,Spring,International,New York
High,Cold,9,Mountain Climbing,Spring,International,Kilimanjaro
Low,Warm,4,Food Tour,Autumn,International,Italy
Low,Cold,11,Mountain Climbing,Summer,International,Mont Blanc
High,Warm,4,Island Hopping,Summer,International,Fiji
Low,Mild,10,Cruise,Spring,Domestic,Ladakh
Low,Warm,2,Island Hopping,Summer,Domestic,Shimla
High,Warm,2,Desert Safari,Winter,International,Dubai
Medium,Sunny,6,Beach,Spring,Domestic,Rajasthan Forts
Medium,Cool,4,City Break,Spring,International,London
Medium,Mild,7,Historical,Autumn,International,Athens
Low,Warm,3,City Break,Autumn,International,Tokyo
Low,Warm,6,Jungle Trekking,Winter,International,Congo
High,Warm,3,City Break,Autumn,International,Tokyo
Medium,Mild,5,Hiking,Winter,International,New Zealand
Medium,Warm,8,Island Hopping,Summer,Domestic,Shimla
Low,Temperate,2,Wildlife,Monsoon,International,Serengeti
High,Warm,11,Cruise,Summer,International,Alaska
High,Temperate,8,Wildlife,Winter,International,Costa Rica
Low,Cold,5,Skiing,Winter,International,Japan
High,Cold,7,Skiing,Winter,International,Japan
High,Hot,6,Desert Safari,Autumn,International,Egypt
Medium,Cool,5,Hiking,Winter,Domestic,Andaman Islands
Medium,Snowy,9,Skiing,Winter,International,France
Medium,Warm,6,Jungle Trekking,Dry,International,Congo
Medium,Warm,2,Desert Safari,Winter,Domestic,Rajasthan Forts
Low,Cold,6,Skiing,Winter,Domestic,Darjeeling Hills
High,Rainy,8,Wildlife,Winter,International,Costa Rica
High,Temperate,4,Food Tour,Spring,International,Italy
Medium,Sunny,6,Cruise,Spring,International,Caribbean
Medium,Temperate,2,City Break,Summer,Domestic,Darjeeling Hills
Medium,Mild,5,Food Tour,Summer,Domestic,Jaipur
Low,Sunny,2,Island Hopping,Summer,International,Croatia
High,Rainy,10,Jungle Trekking,Dry,Domestic,Kerala Backwaters
Medium,Warm,7,Wildlife,Monsoon,International,Galapagos
Low,Hot,2,Desert Safari,Winter,Domestic,Kashmir Valley
High,Sunny,10,Cruise,Spring,International,Greek Islands
Medium,Mild,7,Cruise,Summer,Domestic,Cox’s Bazar
Medium,Warm,3,Desert Safari,Winter,International,Egypt
High,Cold,8,Skiing,Winter,Domestic,Cox’s Bazar
High,Temperate,10,Hiking,Spring,Domestic,Mysore
Medium,Cool,8,Hiking,Winter,International,Nepal
Medium,Temperate,7,Food Tour,Summer,International,Mexico
Medium,Hot,8,Jungle Trekking,Winter,International,Costa Rica
Medium,Sunny,7,Island Hopping,Spring,International,Fiji
Medium,Mild,6,City Break,Spring,Domestic,Mysore
Low,Warm,3,Historical,Autumn,International,Athens
Medium,Sunny,9,Cruise,Summer,Domestic,Agra
Low,Hot,3,Desert Safari,Autumn,Domestic,Kerala Backwaters
Low,Warm,3,Desert Safari,Winter,International,Dubai
Medium,Cool,8,Hiking,Winter,International,New Zealand
High,Sunny,11,Cruise,Summer,International,Alaska
High,Cool,8,Hiking,Winter,International,New Zealand
Medium,Temperate,7,Food Tour,Spring,International,Thailand
Medium,Snowy,5,Skiing,Winter,Domestic,Agra
Low,Warm,6,Historical,Autumn,International,Athens
Low,Rainy,7,Jungle Trekking,Dry,International,Congo
Low,Cool,11,Mountain Climbing,Spring,Domestic,Jaipur
High,Mild,5,Hiking,Spring,International,Austrian Alps
High,Warm,8,Food Tour,Autumn,Domestic,Rajasthan Forts
Medium,Mild,10,Cruise,Summer,International,Caribbean
Medium,Cold,9,Skiing,Winter,International,Canada
Medium,Cool,10,Mountain Climbing,Summer,International,Patagonia
Medium,Warm,4,Jungle Trekking,Dry,Domestic,Andaman Islands
Medium,Cool,5,City Break,Spring,Domestic,Andaman Islands
Medium,Warm,4,Wildlife,Monsoon,International,Serengeti
Medium,Mild,6,Historical,Spring,Domestic,Agra
Low,Warm,6,Wildlife,Spring,International,Galapagos
Medium,Mild,10,Cruise,Spring,Domestic,Rajasthan Forts
Medium,Mild,4,City Break,Summer,International,Barcelona
Low,Warm,4,Historical,Spring,International,Rome
Medium,Hot,4,Island Hopping,Spring,Domestic,Sundarbans
High,Snowy,6,Skiing,Winter,Domestic,Agra
Medium,Cool,10,Mountain Climbing,Summer,Domestic,Kashmir Valley
High,Cold,8,Skiing,Winter,Domestic,Jaipur
Low,Mild,2,Historical,Spring,Domestic,Agra
Low,Mild,5,Historical,Autumn,Domestic,Shimla
Medium,Mild,2,City Break,Autumn,Domestic,Shimla
Medium,Temperate,6,Hiking,Autumn,International,Austrian Alps
High,Hot,7,Island Hopping,Spring,Domestic,Mysore
Medium,Mild,7,Hiking,Winter,International,Nepal
High,Rainy,6,Jungle Trekking,Dry,International,Costa Rica
Low,Rainy,5,Jungle Trekking,Dry,Domestic,Ladakh
Low,Sunny,5,Beach,Summer,International,Bali
High,Temperate,6,Wildlife,Monsoon,Domestic,Ladakh
Low,Cool,11,Mountain Climbing,Summer,Domestic,Sundarbans
Low,Warm,3,Food Tour,Summer,International,Mexico
High,Temperate,5,Historical,Autumn,International,Cairo
Low,Mild,5,Food Tour,Spring,International,Mexico
Medium,Hot,3,Desert Safari,Winter,International,Namibia
High,Temperate,6,Food Tour,Autumn,Domestic,Mysore
High,Cold,8,Skiing,Winter,International,Colorado
Low,Temperate,6,Hiking,Winter,Domestic,Darjeeling Hills
Low,Warm,5,Historical,Autumn,International,Cairo
Medium,Mild,6,Food Tour,Summer,Domestic,Sundarbans
Low,Warm,6,Historical,Autumn,International,Istanbul
Low,Warm,2,Food Tour,Autumn,Domestic,Shimla
Low,Warm,5,Jungle Trekking,Dry,International,Borneo
Medium,Warm,7,Island Hopping,Spring,International,Croatia
Medium,Mild,6,Hiking,Autumn,International,Austrian Alps
High,Hot,6,Island Hopping,Summer,International,Fiji
Medium,Cool,7,Historical,Autumn,International,Kyoto
Medium,Cool,7,Historical,Autumn,International,Istanbul
High,Snowy,6,Skiing,Winter,International,Swiss Alps
High,Sunny,7,Cruise,Spring,Domestic,Sundarbans
Low,Hot,3,Desert Safari,Winter,Domestic,Kerala Backwaters
Low,Hot,2,Desert Safari,Winter,Domestic,Kashmir Valley
High,Cool,6,City Break,Summer,International,Prague
Low,Hot,4,Jungle Trekking,Winter,Domestic,Jaipur
High,Cool,4,Historical,Autumn,International,Cairo
Low,Warm,6,Jungle Trekking,Dry,International,Congo
Low,Rainy,4,Wildlife,Monsoon,International,Kenya
Low,Rainy,3,Wildlife,Winter,Domestic,Sundarbans
High,Snowy,6,Skiing,Winter,Domestic,Darjeeling Hills
Medium,Warm,7,Historical,Autumn,International,Machu Picchu
Medium,Mild,5,Historical,Autumn,Domestic,Mysore
High,Warm,6,Historical,Autumn,International,Cairo
High,Sunny,9,Cruise,Spring,Domestic,Shimla
Medium,Cool,2,City Break,Spring,International,Tokyo
High,Warm,5,Island Hopping,Spring,International,Philippines
Medium,Sunny,8,Island Hopping,Summer,International,Greece
High,Warm,6,Food Tour,Autumn,International,Vietnam
High,Warm,4,Beach,Summer,Domestic,Cox’s Bazar
High,Temperate,8,Historical,Spring,Domestic,Ladakh
Medium,Mild,9,Hiking,Winter,International,Nepal
Low,Cool,4,Historical,Spring,International,Cairo
Medium,Cool,5,City Break,Summer,International,Tokyo
Low,Cold,5,Hiking,Autumn,International,Peru
Medium,Temperate,7,Food Tour,Summer,Domestic,Kashmir Valley
Low,Cool,5,Historical,Autumn,International,Kyoto
Medium,Cool,9,Mountain Climbing,Summer,International,Everest Base Camp
Medium,Sunny,6,Beach,Summer,Domestic,Shimla
Low,Temperate,6,Food Tour,Spring,International,Thailand
Medium,Cool,8,Mountain Climbing,Spring,International,Everest Base Camp
Medium,Hot,7,Jungle Trekking,Winter,International,Borneo
Low,Cold,9,Skiing,Winter,International,Canada
Low,Cool,5,Hiking,Autumn,International,Nepal
Medium,Hot,6,Jungle Trekking,Winter,International,Borneo
Medium,Hot,4,Island Hopping,Spring,International,Greece
Low,Warm,7,Island Hopping,Summer,Domestic,Jaipur
High,Hot,4,Wildlife,Monsoon,Domestic,Varanasi
Medium,Temperate,6,Food Tour,Spring,Domestic,Kashmir Valley
Medium,Cool,4,Historical,Autumn,International,Athens
Medium,Temperate,5,City Break,Summer,International,Paris
Medium,Hot,2,Desert Safari,Winter,Domestic,Rishikesh
Low,Cool,10,Mountain Climbing,Spring,Domestic,Shimla
High,Hot,4,Island Hopping,Spring,International,Croatia
Low,Temperate,2,Food Tour,Spring,International,Spain
High,Rainy,5,Wildlife,Winter,International,Amazon
Medium,Cold,8,Skiing,Winter,International,Swiss Alps
High,Warm,4,Island Hopping,Spring,International,Philippines
Medium,Warm,4,Desert Safari,Winter,International,Namibia
Low,Warm,2,City Break,Autumn,International,New York
Low,Cold,5,Hiking,Autumn,International,Austrian Alps
Low,Cool,10,Mountain Climbing,Spring,International,Kilimanjaro
High,Mild,6,City Break,Autumn,International,Paris
High,Snowy,11,Skiing,Winter,International,Japan
High,Mild,5,Food Tour,Autumn,Domestic,Kerala Backwaters
Medium,Warm,3,Desert Safari,Autumn,International,Namibia
Low,Snowy,4,Skiing,Winter,International,Japan
High,Cold,8,Skiing,Winter,Domestic,Agra
Medium,Temperate,4,Wildlife,Winter,International,Amazon
Medium,Cool,9,Mountain Climbing,Summer,International,Mont Blanc
Medium,Sunny,2,Beach,Summer,International,Bali
Medium,Cold,9,Skiing,Winter,Domestic,Varanasi
High,Warm,7,Island Hopping,Summer,International,Croatia
Low,Mild,6,Food Tour,Spring,International,Mexico
High,Cold,10,Skiing,Winter,International,Canada
High,Warm,12,Cruise,Spring,Domestic,Kerala Backwaters
Medium,Mild,3,Historical,Autumn,International,Athens
Low,Hot,2,Beach,Spring,Domestic,Darjeeling Hills
Medium,Warm,3,Island Hopping,Summer,International,Philippines
Low,Cold,6,Hiking,Autumn,International,Austrian Alps
High,Warm,7,City Break,Spring,International,Tokyo
Medium,Temperate,5,Wildlife,Spring,International,Costa Rica
High,Mild,7,Hiking,Autumn,Domestic,Kashmir Valley
High,Temperate,5,Wildlife,Spring,Domestic,Agra
High,Sunny,7,Beach,Spring,Domestic,Rajasthan Forts
Medium,Mild,3,Food Tour,Autumn,International,Spain
Low,Cool,8,Mountain Climbing,Summer,International,Mont Blanc
Low,Hot,2,Desert Safari,Winter,International,Egypt
Low,Mild,4,City Break,Autumn,International,Barcelona
Low,Warm,4,Desert Safari,Autumn,International,Egypt
Medium,Warm,2,Desert Safari,Winter,International,Egypt
Medium,Temperate,6,Historical,Autumn,International,Cairo
High,Sunny,11,Cruise,Spring,International,Caribbean
Medium,Cold,12,Mountain Climbing,Spring,International,Everest Base Camp
Low,Cool,3,Hiking,Winter,Domestic,Kerala Backwaters
Low,Mild,4,Historical,Spring,International,Cairo
Medium,Sunny,7,Beach,Spring,International,Maldives
Low,Mild,4,Food Tour,Spring,International,Italy
Medium,Warm,8,Island Hopping,Spring,Domestic,Kashmir Valley
Medium,Warm,6,Food Tour,Spring,International,Spain
Low,Temperate,4,City Break,Summer,International,Tokyo
High,Temperate,3,City Break,Autumn,International,Paris
Low,Rainy,8,Jungle Trekking,Winter,International,Costa Rica
Medium,Sunny,2,Beach,Summer,International,Maldives
Medium,Sunny,8,Cruise,Summer,International,Mediterranean
Medium,Hot,6,Jungle Trekking,Winter,International,Borneo
Medium,Hot,6,Beach,Spring,International,Bali
Medium,Sunny,6,Cruise,Spring,International,Greek Islands
Medium,Sunny,5,Island Hopping,Spring,International,Fiji
Low,Warm,5,Beach,Summer,International,Bali
High,Mild,8,Food Tour,Spring,International,Thailand
Low,Temperate,4,Hiking,Spring,International,New Zealand
Low,Cool,4,City Break,Spring,International,New York
High,Sunny,8,Island Hopping,Summer,Domestic,Jaipur
Medium,Warm,5,City Break,Summer,International,Paris
Low,Cold,7,Mountain Climbing,Summer,International,Everest Base Camp
Medium,Cool,12,Mountain Climbing,Summer,International,Everest Base Camp
Medium,Hot,6,Jungle Trekking,Dry,International,Manu National Park
Medium,Cool,12,Mountain Climbing,Summer,International,Kilimanjaro
Low,Temperate,3,Wildlife,Winter,International,Amazon
Medium,Cool,8,Mountain Climbing,Summer,International,Kilimanjaro
High,Temperate,8,Hiking,Autumn,Domestic,Jaipur
Medium,Cold,8,Mountain Climbing,Spring,Domestic,Cox’s Bazar
Low,Warm,3,Jungle Trekking,Winter,International,Borneo
Medium,Cool,10,Mountain Climbing,Spring,International,Everest Base Camp
Low,Warm,4,Food Tour,Autumn,International,Italy
High,Mild,9,Cruise,Summer,International,Alaska
Medium,Mild,3,Historical,Spring,Domestic,Kerala Backwaters
Medium,Warm,7,Wildlife,Winter,International,Madagascar
Medium,Temperate,2,Historical,Autumn,International,Cairo
Medium,Hot,4,Jungle Trekking,Winter,Domestic,Varanasi
Medium,Hot,2,Desert Safari,Autumn,International,Egypt
Medium,Mild,3,City Break,Autumn,International,Prague
High,Warm,8,Cruise,Spring,International,Alaska
Low,Mild,2,Historical,Autumn,Domestic,Mysore
High,Mild,7,Hiking,Autumn,Domestic,Kashmir Valley
Medium,Cool,9,Hiking,Winter,International,Peru
Low,Temperate,2,Historical,Autumn,International,Rome
Low,Cold,11,Mountain Climbing,Spring,International,Patagonia
Low,Sunny,2,Beach,Summer,International,Gold Coast
High,Hot,9,Island Hopping,Summer,Domestic,Varanasi
Medium,Temperate,7,Wildlife,Winter,International,Galapagos
Medium,Hot,4,Beach,Summer,International,Cancun
Medium,Temperate,7,Wildlife,Monsoon,Domestic,Kashmir Valley
High,Warm,3,Desert Safari,Autumn,International,Namibia
Medium,Cool,11,Mountain Climbing,Spring,International,Patagonia
Low,Temperate,5,Wildlife,Spring,Domestic,Mysore
Medium,Temperate,7,Wildlife,Spring,International,Madagascar
Low,Mild,6,Hiking,Spring,Domestic,Shimla
High,Cold,10,Skiing,Winter,International,Sweden
High,Cool,14,Mountain Climbing,Spring,International,Everest Base Camp
Medium,Cold,8,Skiing,Winter,International,Japan
High,Warm,6,Island Hopping,Spring,International,Croatia
Low,Cool,3,Historical,Spring,International,Athens
Low,Hot,8,Jungle Trekking,Winter,International,Congo
Low,Warm,7,Food Tour,Spring,International,Thailand
High,Snowy,11,Skiing,Winter,Domestic,Ladakh
High,Warm,12,Cruise,Spring,International,Mediterranean
Medium,Warm,7,Wildlife,Spring,International,Kenya
High,Warm,5,Wildlife,Winter,International,Kenya
Low,Temperate,3,Hiking,Winter,International,Switzerland
Low,Warm,4,Desert Safari,Winter,International,Morocco
Medium,Cold,9,Mountain Climbing,Spring,International,Everest Base Camp
Medium,Warm,7,Island Hopping,Spring,International,Croatia
Low,Mild,3,Hiking,Autumn,International,Austrian Alps
High,Cold,9,Skiing,Winter,International,Colorado
High,Warm,4,Food Tour,Spring,International,Vietnam
Low,Warm,4,Jungle Trekking,Dry,Domestic,Mysore
Medium,Cool,13,Mountain Climbing,Spring,International,Patagonia
Medium,Hot,3,Beach,Summer,Domestic,Agra
Medium,Temperate,2,Historical,Autumn,International,Cairo
Low,Mild,4,City Break,Spring,International,Paris
Medium,Hot,5,Desert Safari,Winter,International,Dubai
Low,Sunny,8,Cruise,Spring,International,Caribbean
High,Warm,6,City Break,Spring,International,Barcelona
Medium,Cool,4,Historical,Autumn,Domestic,Kerala Backwaters
Medium,Temperate,3,Historical,Spring,International,Istanbul
Low,Warm,7,Jungle Trekking,Dry,International,Borneo
Medium,Warm,4,Wildlife,Monsoon,International,Serengeti
Medium,Warm,3,City Break,Autumn,International,Tokyo
Medium,Warm,8,Island Hopping,Spring,International,Fiji
High,Mild,2,City Break,Summer,International,Prague
Medium,Temperate,3,Wildlife,Monsoon,International,Kenya
Medium,Temperate,6,Wildlife,Spring,Domestic,Rishikesh
High,Temperate,7,Hiking,Autumn,Domestic,Cox’s Bazar
Medium,Cool,2,City Break,Autumn,Domestic,Ladakh
Medium,Hot,4,Wildlife,Monsoon,International,Kenya
Low,Temperate,5,Food Tour,Spring,International,Thailand
Low,Cool,4,Historical,Spring,International,Istanbul
Medium,Sunny,4,Island Hopping,Spring,Domestic,Kerala Backwaters
Medium,Cool,3,Historical,Spring,International,Athens
High,Temperate,5,City Break,Spring,International,London
High,Snowy,8,Skiing,Winter,Domestic,Goa Beaches
Medium,Rainy,6,Wildlife,Winter,International,Costa Rica
High,Warm,7,Wildlife,Monsoon,International,Serengeti
Medium,Warm,5,Historical,Autumn,International,Rome
Medium,Mild,8,Cruise,Spring,International,Greek Islands
Low,Mild,2,Food Tour,Spring,International,Spain
Low,Warm,5,Food Tour,Spring,International,Italy
Medium,Rainy,7,Wildlife,Monsoon,Domestic,Darjeeling Hills
Medium,Hot,2,Desert Safari,Winter,Domestic,Andaman Islands
Low,Temperate,5,Wildlife,Winter,Domestic,Rishikesh
High,Sunny,5,Beach,Summer,International,Phuket
Medium,Rainy,8,Wildlife,Winter,International,Costa Rica
Low,Rainy,3,Jungle Trekking,Dry,International,Congo
Low,Hot,2,Desert Safari,Winter,International,Dubai
Low,Temperate,5,City Break,Summer,International,Tokyo
Low,Mild,2,City Break,Summer,Domestic,Kashmir Valley
Low,Temperate,5,Food Tour,Spring,Domestic,Cox’s Bazar
Medium,Sunny,6,Beach,Spring,International,Santorini
Medium,Hot,2,Desert Safari,Winter,International,Morocco
Medium,Hot,4,Jungle Trekking,Dry,International,Congo
Medium,Snowy,5,Skiing,Winter,International,Colorado
Medium,Rainy,6,Jungle Trekking,Dry,Domestic,Rajasthan Forts
High,Cold,7,Skiing,Winter,International,Canada
Medium,Warm,6,Cruise,Summer,International,Mediterranean
High,Warm,12,Cruise,Summer,Domestic,Varanasi
High,Sunny,10,Cruise,Spring,Domestic,Shimla
Medium,Hot,4,Island Hopping,Spring,International,Philippines
Medium,Warm,3,Island Hopping,Spring,International,Fiji
Low,Cool,5,City Break,Summer,International,New York
Low,Temperate,6,Hiking,Autumn,Domestic,Mysore
Low,Warm,2,City Break,Spring,International,London
Medium,Mild,6,Hiking,Spring,International,Nepal
High,Sunny,9,Cruise,Summer,International,Caribbean
Medium,Warm,8,Wildlife,Monsoon,International,Serengeti
Low,Cold,6,Skiing,Winter,International,France
High,Hot,3,Desert Safari,Autumn,Domestic,Kerala Backwaters
Low,Cool,2,City Break,Spring,International,London
Medium,Cool,8,Mountain Climbing,Summer,International,Kilimanjaro
Low,Warm,6,Food Tour,Autumn,International,Italy
Medium,Cool,9,Hiking,Spring,International,Switzerland
Medium,Hot,4,Wildlife,Winter,International,Amazon
Low,Cold,6,Skiing,Winter,Domestic,Rishikesh
High,Sunny,6,Island Hopping,Summer,International,Philippines
Medium,Temperate,3,Food Tour,Spring,Domestic,Andaman Islands
High,Sunny,8,Cruise,Summer,International,Alaska
Medium,Sunny,8,Cruise,Summer,International,Mediterranean
Low,Warm,7,Jungle Trekking,Dry,International,Congo
Low,Warm,6,Island Hopping,Summer,International,Croatia
Medium,Hot,4,Island Hopping,Spring,International,Fiji
Low,Warm,6,Jungle Trekking,Dry,International,Costa Rica
High,Cool,9,Hiking,Autumn,International,Norway
Medium,Cold,10,Mountain Climbing,Summer,International,Patagonia
Medium,Warm,8,Island Hopping,Spring,Domestic,Andaman Islands
Medium,Sunny,7,Island Hopping,Spring,Domestic,Agra
Medium,Hot,3,Desert Safari,Winter,Domestic,Sundarbans
Medium,Mild,6,City Break,Spring,International,Barcelona
Medium,Cold,12,Mountain Climbing,Summer,International,Mont Blanc
Low,Warm,7,Wildlife,Monsoon,International,Kenya
Medium,Hot,2,Desert Safari,Autumn,International,Namibia
High,Snowy,10,Skiing,Winter,International,Japan
Medium,Hot,7,Jungle Trekking,Dry,International,Congo
High,Temperate,7,City Break,Summer,International,Tokyo
Medium,Temperate,5,Food Tour,Spring,Domestic,Jaipur
High,Hot,8,Beach,Summer,Domestic,Rishikesh
Medium,Warm,4,Beach,Summer,International,Bali
High,Hot,4,Desert Safari,Autumn,International,Egypt
High,Hot,7,Jungle Trekking,Winter,International,Borneo
Low,Hot,2,Beach,Spring,International,Santorini
High,Sunny,9,Island Hopping,Spring,Domestic,Shimla
Medium,Mild,6,Food Tour,Autumn,Domestic,Cox’s Bazar
Low,Cold,5,Hiking,Autumn,International,Peru
Low,Cold,3,Hiking,Winter,Domestic,Goa Beaches
Low,Cold,8,Hiking,Winter,International,Austrian Alps
Medium,Temperate,6,Food Tour,Spring,Domestic,Kashmir Valley
Medium,Mild,6,City Break,Autumn,International,Prague
Low,Temperate,7,Food Tour,Spring,International,Spain
Low,Hot,7,Wildlife,Monsoon,International,Costa Rica
High,Mild,4,Food Tour,Spring,International,Italy
Medium,Warm,7,Beach,Summer,International,Maldives
Medium,Hot,7,Jungle Trekking,Winter,International,Borneo
Low,Warm,2,Food Tour,Autumn,International,Vietnam
Low,Sunny,2,Island Hopping,Summer,International,Greece
Medium,Warm,2,Desert Safari,Autumn,International,Morocco
Medium,Warm,5,Wildlife,Monsoon,International,Amazon
Low,Warm,3,Jungle Trekking,Winter,International,Borneo
High,Hot,10,Jungle Trekking,Winter,International,Manu National Park
Low,Warm,2,Desert Safari,Autumn,International,Namibia
Low,Hot,4,Island Hopping,Summer,International,Greece
Medium,Cold,10,Mountain Climbing,Summer,Domestic,Jaipur
High,Cold,8,Skiing,Winter,International,Swiss Alps
Low,Warm,3,Wildlife,Monsoon,International,Madagascar
Low,Hot,3,Jungle Trekking,Dry,International,Congo
Low,Hot,6,Jungle Trekking,Winter,International,Borneo
Medium,Sunny,5,Beach,Spring,International,Cancun
High,Rainy,8,Wildlife,Winter,Domestic,Agra
Medium,Warm,3,Island Hopping,Summer,International,Philippines
Medium,Hot,4,Desert Safari,Autumn,International,Dubai
Low,Warm,2,Wildlife,Monsoon,Domestic,Rajasthan Forts
Low,Hot,5,Island Hopping,Spring,International,Fiji
Medium,Warm,4,Desert Safari,Winter,Domestic,Cox’s Bazar
Medium,Sunny,7,Beach,Spring,International,Santorini
Low,Sunny,4,Island Hopping,Summer,Domestic,Varanasi
Low,Rainy,6,Wildlife,Spring,International,Serengeti
Low,Rainy,5,Jungle Trekking,Dry,Domestic,Kerala Backwaters
Medium,Hot,8,Wildlife,Winter,International,Serengeti
Medium,Cool,6,City Break,Autumn,International,Prague
Low,Rainy,4,Wildlife,Winter,International,Costa Rica
Medium,Cool,6,Hiking,Winter,International,Nepal
High,Cool,10,Mountain Climbing,Summer,Domestic,Kerala Backwaters
High,Warm,7,Jungle Trekking,Dry,International,Manu National Park
Medium,Mild,7,Hiking,Spring,Domestic,Andaman Islands
High,Cool,7,Hiking,Autumn,International,Nepal
High,Sunny,3,Beach,Spring,Domestic,Kerala Backwaters
Medium,Warm,6,City Break,Summer,International,New York
High,Sunny,9,Cruise,Summer,International,Caribbean
Low,Hot,5,Jungle Trekking,Dry,International,Costa Rica
Low,Temperate,6,Food Tour,Spring,International,Mexico
Medium,Mild,7,Food Tour,Autumn,Domestic,Cox’s Bazar
Medium,Sunny,8,Cruise,Spring,International,Alaska
Low,Hot,4,Island Hopping,Spring,Domestic,Mysore
Medium,Cold,8,Skiing,Winter,International,Swiss Alps
Medium,Hot,9,Jungle Trekking,Winter,International,Manu National Park
High,Hot,7,Island Hopping,Summer,International,Croatia
Medium,Hot,3,Beach,Summer,International,Gold Coast
Low,Warm,5,Island Hopping,Summer,International,Philippines
Medium,Mild,6,Hiking,Autumn,Domestic,Cox’s Bazar
Medium,Mild,8,Food Tour,Summer,Domestic,Kerala Backwaters
Low,Hot,3,Wildlife,Winter,Domestic,Sundarbans
Low,Temperate,7,Food Tour,Summer,Domestic,Shimla
Medium,Temperate,4,Wildlife,Spring,Domestic,Goa Beaches
High,Hot,6,Desert Safari,Winter,Domestic,Darjeeling Hills
Low,Warm,4,Jungle Trekking,Dry,International,Borneo
Medium,Mild,3,Historical,Autumn,Domestic,Ladakh
Low,Sunny,2,Beach,Spring,International,Bali
High,Cold,7,Skiing,Winter,International,Japan
High,Rainy,7,Jungle Trekking,Winter,International,Congo
High,Warm,9,Jungle Trekking,Winter,International,Borneo
Medium,Warm,3,Historical,Autumn,International,Machu Picchu
Low,Cool,5,City Break,Summer,International,Paris
Low,Cold,7,Mountain Climbing,Spring,International,Kilimanjaro
High,Cool,4,Historical,Spring,Domestic,Kerala Backwaters
Medium,Hot,8,Island Hopping,Spring,International,Croatia
High,Warm,9,Cruise,Summer,International,Alaska
High,Snowy,8,Skiing,Winter,International,France
Low,Warm,2,Wildlife,Spring,International,Costa Rica
Low,Temperate,5,Food Tour,Summer,International,Italy
Low,Warm,3,Island Hopping,Spring,Domestic,Ladakh
Medium,Cool,2,City Break,Autumn,Domestic,Mysore
Low,Hot,2,Wildlife,Monsoon,Domestic,Varanasi
Low,Hot,8,Jungle Trekking,Winter,International,Congo
Low,Mild,3,Historical,Autumn,Domestic,Goa Beaches
Low,Cool,2,Historical,Autumn,International,Kyoto
Low,Cold,6,Hiking,Autumn,International,Norway
High,Snowy,6,Skiing,Winter,International,Canada
High,Cold,6,Skiing,Winter,International,Canada
High,Hot,4,Desert Safari,Winter,International,Morocco
Low,Hot,3,Wildlife,Monsoon,International,Madagascar
High,Cold,9,Mountain Climbing,Summer,International,Patagonia
Medium,Snowy,5,Skiing,Winter,International,Sweden
Medium,Temperate,3,City Break,Spring,International,Barcelona
Low,Cool,12,Mountain Climbing,Spring,Domestic,Varanasi
Medium,Hot,2,Desert Safari,Autumn,International,Namibia
Medium,Hot,3,Desert Safari,Autumn,International,Egypt
Low,Temperate,3,City Break,Autumn,Domestic,Goa Beaches
Low,Hot,3,Beach,Spring,Domestic,Rishikesh
Medium,Hot,7,Island Hopping,Spring,Domestic,Shimla
Medium,Hot,4,Beach,Spring,International,Santorini
High,Rainy,6,Wildlife,Winter,International,Costa Rica
Low,Sunny,5,Island Hopping,Spring,Domestic,Rishikesh
High,Rainy,9,Jungle Trekking,Winter,International,Congo
High,Cool,14,Mountain Climbing,Summer,Domestic,Darjeeling Hills
High,Hot,9,Wildlife,Spring,International,Galapagos
Medium,Warm,7,Island Hopping,Spring,International,Greece
Low,Temperate,3,Food Tour,Spring,Domestic,Cox’s Bazar
Medium,Cool,5,City Break,Spring,International,Prague
High,Cool,9,Hiking,Winter,International,Norway
Low,Sunny,4,Beach,Spring,Domestic,Ladakh
Medium,Hot,5,Wildlife,Winter,International,Galapagos
High,Snowy,10,Skiing,Winter,International,Colorado
Low,Warm,7,Jungle Trekking,Winter,International,Borneo
Medium,Hot,3,Beach,Spring,International,Maldives
Medium,Hot,5,Jungle Trekking,Dry,International,Borneo
Low,Cool,2,Historical,Spring,International,Istanbul
Low,Cool,7,Mountain Climbing,Summer,International,Mont Blanc
Low,Warm,3,Historical,Autumn,International,Machu Picchu
Medium,Temperate,4,City Break,Summer,International,Paris
Low,Warm,5,Island Hopping,Spring,International,Croatia
High,Warm,11,Cruise,Summer,Domestic,Ladakh
Low,Snowy,6,Skiing,Winter,International,Canada
Low,Warm,7,Food Tour,Spring,International,Spain
Medium,Warm,7,Food Tour,Autumn,International,Mexico
High,Temperate,9,Wildlife,Monsoon,International,Amazon
Low,Warm,4,Historical,Spring,International,Machu Picchu
High,Cold,9,Skiing,Winter,Domestic,Rishikesh
Medium,Mild,6,Food Tour,Summer,Domestic,Agra
Low,Mild,2,City Break,Autumn,Domestic,Cox’s Bazar
Low,Rainy,4,Wildlife,Monsoon,International,Madagascar
Low,Hot,7,Wildlife,Winter,International,Amazon
Low,Warm,2,Desert Safari,Winter,Domestic,Rishikesh
High,Cold,8,Skiing,Winter,International,Canada
Medium,Cold,4,Hiking,Spring,Domestic,Sundarbans
Medium,Sunny,5,Island Hopping,Spring,International,Philippines
Medium,Warm,9,Jungle Trekking,Winter,Domestic,Rajasthan Forts
High,Temperate,8,Wildlife,Monsoon,International,Serengeti
Low,Warm,6,Beach,Summer,Domestic,Shimla
High,Snowy,10,Skiing,Winter,International,Japan
High,Sunny,7,Cruise,Spring,Domestic,Rishikesh
High,Sunny,5,Island Hopping,Spring,Domestic,Kashmir Valley
Low,Cool,3,Historical,Autumn,Domestic,Kerala Backwaters
Low,Sunny,5,Island Hopping,Summer,International,Philippines
High,Snowy,8,Skiing,Winter,International,Colorado
High,Cool,8,Hiking,Autumn,International,Norway
High,Cool,7,Hiking,Autumn,International,Austrian Alps
Low,Mild,2,Historical,Autumn,Domestic,Sundarbans
Low,Mild,2,City Break,Spring,International,Barcelona
Low,Warm,2,Desert Safari,Winter,International,Dubai
Low,Warm,4,City Break,Autumn,International,Prague
Low,Hot,3,Beach,Summer,International,Gold Coast
High,Rainy,10,Jungle Trekking,Winter,Domestic,Ladakh
Medium,Cold,9,Mountain Climbing,Summer,International,Everest Base Camp
High,Rainy,9,Wildlife,Monsoon,Domestic,Ladakh
Low,Hot,2,Desert Safari,Autumn,Domestic,Agra
Low,Snowy,7,Skiing,Winter,Domestic,Darjeeling Hills
Low,Cool,5,Hiking,Autumn,International,New Zealand
Medium,Mild,7,Historical,Autumn,International,Machu Picchu
Low,Warm,2,Food Tour,Autumn,International,Spain
Medium,Sunny,10,Cruise,Summer,Domestic,Ladakh
Medium,Cool,9,Mountain Climbing,Summer,International,Everest Base Camp
High,Cool,10,Mountain Climbing,Spring,International,Mont Blanc
Low,Warm,2,Food Tour,Autumn,Domestic,Rishikesh
Low,Cold,6,Hiking,Winter,International,Austrian Alps
High,Cold,8,Skiing,Winter,International,Swiss Alps
Medium,Cold,10,Skiing,Winter,Domestic,Cox’s Bazar
High,Sunny,9,Cruise,Summer,Domestic,Kerala Backwaters
High,Temperate,7,Wildlife,Winter,International,Serengeti
High,Mild,10,Cruise,Summer,Domestic,Kashmir Valley
Low,Warm,4,Food Tour,Autumn,International,Vietnam
Low,Warm,3,Desert Safari,Autumn,International,Egypt
High,Cool,4,Historical,Spring,Domestic,Agra
Low,Rainy,3,Wildlife,Monsoon,International,Costa Rica
Medium,Cool,7,Hiking,Winter,International,Nepal
Medium,Hot,5,Wildlife,Winter,International,Serengeti
Medium,Hot,7,Wildlife,Monsoon,International,Costa Rica
Low,Warm,6,Jungle Trekking,Dry,International,Costa Rica
Low,Cool,8,Hiking,Spring,International,Norway
Low,Mild,5,Hiking,Spring,International,Austrian Alps
Medium,Snowy,8,Skiing,Winter,International,Colorado
Low,Snowy,5,Skiing,Winter,Domestic,Kashmir Valley
Low,Rainy,6,Jungle Trekking,Dry,International,Manu National Park
Medium,Warm,4,Island Hopping,Spring,Domestic,Kashmir Valley
High,Snowy,11,Skiing,Winter,International,Sweden
Low,Sunny,6,Beach,Spring,Domestic,Shimla
Medium,Cool,8,Mountain Climbing,Summer,International,Patagonia
Low,Warm,4,Beach,Spring,International,Cancun
Low,Warm,4,Food Tour,Summer,International,Italy
High,Mild,8,Food Tour,Spring,International,Mexico
Medium,Rainy,7,Wildlife,Winter,International,Kenya
Medium,Cool,4,Historical,Autumn,International,Cairo
Low,Temperate,4,Food Tour,Autumn,International,Vietnam
Medium,Snowy,10,Skiing,Winter,Domestic,Kerala Backwaters
Medium,Warm,7,Jungle Trekking,Winter,International,Congo
Medium,Warm,2,Desert Safari,Winter,International,Dubai
High,Temperate,6,Wildlife,Spring,International,Galapagos
Medium,Cold,10,Mountain Climbing,Summer,Domestic,Rajasthan Forts
High,Warm,4,Historical,Spring,International,Cairo
Medium,Hot,3,Wildlife,Winter,International,Madagascar
Low,Warm,7,Island Hopping,Summer,International,Croatia
High,Warm,3,Desert Safari,Autumn,International,Namibia
High,Hot,6,Desert Safari,Autumn,International,Namibia
Medium,Snowy,9,Skiing,Winter,International,Canada
Medium,Warm,4,Island Hopping,Spring,International,Fiji
High,Temperate,5,Wildlife,Spring,International,Serengeti
Medium,Hot,3,Beach,Spring,International,Bali
Low,Warm,6,Jungle Trekking,Winter,International,Borneo
Medium,Cold,9,Skiing,Winter,Domestic,Sundarbans
Medium,Warm,7,Island Hopping,Summer,Domestic,Rajasthan Forts
Medium,Warm,2,Desert Safari,Winter,Domestic,Jaipur
High,Warm,11,Cruise,Summer,International,Greek Islands
Medium,Warm,4,Beach,Spring,Domestic,Jaipur
High,Warm,2,Desert Safari,Winter,International,Egypt
Low,Warm,2,Desert Safari,Winter,Domestic,Mysore
Low,Temperate,7,Hiking,Winter,Domestic,Sundarbans
High,Hot,2,Desert Safari,Winter,International,Namibia
Medium,Hot,2,Desert Safari,Winter,International,Namibia
Low,Mild,2,City Break,Summer,International,Prague
Medium,Snowy,8,Skiing,Winter,International,Canada
Low,Mild,2,City Break,Summer,Domestic,Andaman Islands
Low,Cool,11,Mountain Climbing,Summer,Domestic,Andaman Islands
Low,Sunny,5,Island Hopping,Summer,International,Fiji
Medium,Mild,4,Food Tour,Spring,International,Mexico
Low,Rainy,6,Wildlife,Spring,International,Costa Rica
Low,Cold,7,Hiking,Spring,International,Austrian Alps
Medium,Cool,3,Historical,Spring,International,Kyoto
Medium,Warm,2,City Break,Spring,International,New York
Medium,Mild,9,Hiking,Winter,Domestic,Jaipur
High,Sunny,7,Beach,Summer,Domestic,Cox’s Bazar
High,Cold,7,Skiing,Winter,International,France
High,Mild,8,Food Tour,Summer,International,Thailand
Low,Cool,8,Mountain Climbing,Spring,International,Mont Blanc
Medium,Warm,2,Beach,Summer,International,Santorini
High,Mild,12,Cruise,Spring,Domestic,Kerala Backwaters
Medium,Sunny,4,Island Hopping,Spring,Domestic,Ladakh
High,Cold,11,Skiing,Winter,International,Canada
Low,Mild,2,Food Tour,Summer,International,Spain
Low,Warm,3,Food Tour,Spring,Domestic,Rajasthan Forts
Low,Mild,2,Historical,Spring,International,Machu Picchu
Low,Mild,2,City Break,Summer,International,Barcelona
Medium,Mild,2,City Break,Autumn,Domestic,Sundarbans
Low,Hot,3,Jungle Trekking,Winter,International,Costa Rica
Medium,Cold,9,Hiking,Winter,International,Nepal
Medium,Mild,2,Historical,Autumn,International,Istanbul
Low,Hot,4,Beach,Spring,International,Phuket
Medium,Warm,3,Island Hopping,Summer,International,Greece
Medium,Cool,4,City Break,Autumn,Domestic,Rajasthan Forts
Medium,Warm,3,Island Hopping,Summer,International,Croatia
Medium,Warm,7,Jungle Trekking,Winter,International,Borneo
High,Mild,11,Cruise,Spring,International,Alaska
Medium,Snowy,9,Skiing,Winter,International,Colorado
Medium,Rainy,7,Jungle Trekking,Dry,International,Congo
High,Cool,11,Mountain Climbing,Spring,International,Patagonia
Low,Warm,2,Wildlife,Winter,International,Serengeti
Medium,Warm,7,Food Tour,Summer,International,Mexico
High,Temperate,5,Food Tour,Autumn,International,Mexico
High,Hot,3,Desert Safari,Winter,International,Dubai
High,Warm,5,Desert Safari,Autumn,International,Morocco
Medium,Hot,4,Beach,Summer,Domestic,Shimla
Medium,Cool,6,Historical,Spring,International,Cairo
Medium,Mild,8,Hiking,Autumn,Domestic,Cox’s Bazar
Low,Rainy,2,Wildlife,Winter,Domestic,Goa Beaches
Medium,Snowy,7,Skiing,Winter,Domestic,Agra
High,Cold,8,Skiing,Winter,International,Canada
Low,Warm,5,Jungle Trekking,Winter,International,Congo
Medium,Warm,5,Beach,Spring,International,Bali
High,Cold,12,Mountain Climbing,Summer,Domestic,Darjeeling Hills
Medium,Hot,4,Jungle Trekking,Dry,International,Congo
Medium,Cold,8,Mountain Climbing,Summer,International,Mont Blanc
Medium,Warm,4,Beach,Spring,Domestic,Mysore
Low,Rainy,4,Wildlife,Winter,International,Serengeti
Medium,Warm,3,Beach,Summer,International,Bali
Low,Temperate,8,Hiking,Winter,Domestic,Shimla
Medium,Cool,11,Mountain Climbing,Summer,International,Everest Base Camp
Medium,Mild,8,Food Tour,Spring,International,Spain
Medium,Cool,5,Hiking,Autumn,Domestic,Agra
High,Hot,3,Desert Safari,Autumn,International,Dubai
Low,Cold,5,Hiking,Winter,Domestic,Goa Beaches
Low,Warm,4,Desert Safari,Winter,Domestic,Shimla
High,Cold,14,Mountain Climbing,Summer,International,Patagonia
High,Warm,10,Cruise,Summer,International,Alaska
High,Cool,14,Mountain Climbing,Spring,International,Kilimanjaro
Low,Hot,4,Island Hopping,Summer,Domestic,Agra
Medium,Warm,2,Desert Safari,Winter,Domestic,Darjeeling Hills
Low,Sunny,5,Beach,Summer,International,Gold Coast
Medium,Hot,2,Desert Safari,Winter,International,Morocco
Medium,Warm,4,Desert Safari,Autumn,International,Morocco
Medium,Mild,4,Hiking,Winter,International,Switzerland
High,Hot,5,Beach,Spring,International,Santorini
Low,Cold,11,Mountain Climbing,Summer,International,Patagonia
Low,Cold,4,Hiking,Autumn,Domestic,Agra
Medium,Cool,2,City Break,Autumn,International,London
Low,Warm,3,Beach,Spring,International,Maldives
Low,Temperate,4,City Break,Autumn,International,New York
Low,Sunny,7,Cruise,Spring,International,Alaska
High,Cold,6,Skiing,Winter,Domestic,Darjeeling Hills
Medium,Temperate,8,Food Tour,Autumn,International,Mexico
Low,Temperate,2,City Break,Summer,International,London
High,Sunny,11,Cruise,Spring,International,Alaska
High,Warm,7,Cruise,Summer,International,Caribbean
High,Cool,5,Hiking,Winter,International,Austrian Alps
Medium,Mild,7,Historical,Spring,International,Kyoto
Medium,Sunny,5,Island Hopping,Summer,Domestic,Goa Beaches
Medium,Mild,5,Historical,Spring,Domestic,Jaipur
Low,Temperate,6,Food Tour,Summer,International,Mexico
Low,Temperate,3,City Break,Spring,Domestic,Shimla
Medium,Cool,3,City Break,Spring,Domestic,Kashmir Valley
Low,Temperate,6,Historical,Autumn,Domestic,Varanasi
Medium,Warm,8,Food Tour,Autumn,International,Mexico
High,Mild,8,Historical,Spring,International,Machu Picchu
High,Warm,9,Cruise,Spring,International,Mediterranean
Medium,Warm,4,Desert Safari,Autumn,International,Namibia
Low,Hot,2,Desert Safari,Winter,Domestic,Mysore
Medium,Mild,3,City Break,Summer,Domestic,Goa Beaches
Low,Cool,5,Hiking,Spring,International,Nepal
Low,Snowy,9,Skiing,Winter,International,France
High,Snowy,7,Skiing,Winter,International,Swiss Alps
High,Warm,5,Desert Safari,Autumn,International,Namibia
Low,Sunny,6,Cruise,Summer,International,Alaska
Low,Rainy,6,Wildlife,Winter,International,Serengeti
High,Cold,12,Mountain Climbing,Summer,International,Patagonia
Medium,Warm,3,Desert Safari,Winter,International,Morocco
Low,Hot,5,Island Hopping,Summer,International,Croatia
High,Cold,10,Mountain Climbing,Summer,International,Kilimanjaro
Low,Cold,6,Hiking,Autumn,Domestic,Cox’s Bazar
Low,Warm,5,Jungle Trekking,Dry,International,Borneo
High,Temperate,2,City Break,Summer,International,Paris
High,Cold,8,Hiking,Winter,International,Norway
Low,Cold,9,Mountain Climbing,Summer,Domestic,Andaman Islands
High,Warm,8,Food Tour,Spring,International,Italy
Medium,Cool,8,Hiking,Winter,International,New Zealand
Medium,Mild,5,Historical,Autumn,International,Kyoto
High,Warm,6,Jungle Trekking,Winter,International,Congo
Low,Hot,3,Jungle Trekking,Winter,International,Costa Rica
Medium,Warm,4,Food Tour,Autumn,Domestic,Kashmir Valley
Medium,Mild,5,Historical,Spring,International,Machu Picchu
Low,Cool,4,Hiking,Winter,International,Austrian Alps
High,Warm,12,Cruise,Summer,International,Mediterranean
High,Temperate,6,Hiking,Spring,International,New Zealand
High,Warm,7,Cruise,Spring,International,Mediterranean
High,Rainy,4,Wildlife,Winter,International,Serengeti
High,Warm,4,Island Hopping,Spring,Domestic,Rishikesh
Medium,Snowy,8,Skiing,Winter,Domestic,Ladakh
High,Snowy,8,Skiing,Winter,Domestic,Kashmir Valley
Medium,Cold,9,Hiking,Spring,International,Switzerland
Medium,Hot,8,Jungle Trekking,Winter,International,Borneo
Medium,Warm,2,Historical,Spring,International,Kyoto
Low,Sunny,3,Beach,Summer,International,Bali
Low,Mild,6,Food Tour,Spring,Domestic,Rishikesh
Medium,Cool,11,Mountain Climbing,Spring,International,Mont Blanc
Low,Warm,3,Jungle Trekking,Winter,International,Borneo
Low,Temperate,7,Wildlife,Winter,Domestic,Sundarbans
Medium,Cold,9,Mountain Climbing,Spring,Domestic,Mysore
High,Sunny,9,Cruise,Spring,International,Alaska
Low,Hot,2,Island Hopping,Spring,International,Greece
Medium,Hot,9,Jungle Trekking,Winter,International,Borneo
Low,Temperate,7,Food Tour,Spring,International,Italy
Low,Cool,4,Historical,Autumn,International,Machu Picchu
High,Warm,3,Desert Safari,Winter,International,Dubai
Low,Warm,6,Island Hopping,Summer,International,Croatia
Medium,Snowy,8,Skiing,Winter,International,Canada
Low,Warm,7,Food Tour,Summer,International,Thailand
High,Snowy,10,Skiing,Winter,Domestic,Goa Beaches
Medium,Warm,3,Historical,Autumn,International,Istanbul
Low,Cool,12,Mountain Climbing,Summer,Domestic,Cox’s Bazar
High,Hot,6,Jungle Trekking,Winter,International,Borneo
Low,Cold,4,Hiking,Spring,International,Austrian Alps
Low,Warm,3,City Break,Spring,International,New York
Low,Warm,5,Island Hopping,Summer,International,Croatia
High,Cold,12,Mountain Climbing,Summer,International,Patagonia
High,Mild,4,City Break,Spring,Domestic,Kerala Backwaters
High,Warm,5,Jungle Trekking,Winter,International,Manu National Park
High,Cool,7,Historical,Autumn,International,Machu Picchu
Medium,Rainy,8,Jungle Trekking,Dry,International,Costa Rica
Medium,Cold,13,Mountain Climbing,Spring,Domestic,Cox’s Bazar
High,Snowy,7,Skiing,Winter,International,Japan
Medium,Hot,2,Desert Safari,Autumn,Domestic,Ladakh
High,Sunny,10,Cruise,Summer,Domestic,Agra
Medium,Sunny,5,Island Hopping,Spring,International,Philippines
High,Sunny,12,Cruise,Spring,International,Caribbean
Low,Hot,3,Beach,Spring,International,Cancun
Medium,Sunny,8,Cruise,Spring,International,Caribbean
High,Sunny,11,Cruise,Summer,International,Alaska
Low,Warm,5,Food Tour,Autumn,Domestic,Rishikesh
High,Cold,10,Skiing,Winter,Domestic,Goa Beaches
Medium,Sunny,8,Island Hopping,Spring,International,Croatia
Medium,Cool,7,Hiking,Autumn,International,Norway
High,Warm,12,Cruise,Spring,International,Greek Islands
Low,Hot,3,Jungle Trekking,Winter,Domestic,Kerala Backwaters
Low,Temperate,6,Food Tour,Spring,Domestic,Kashmir Valley
Medium,Warm,7,Jungle Trekking,Winter,International,Manu National Park
High,Warm,9,Cruise,Spring,Domestic,Agra
Medium,Cool,9,Mountain Climbing,Summer,International,Mont Blanc
Low,Cold,10,Mountain Climbing,Summer,International,Everest Base Camp
Medium,Warm,3,Wildlife,Monsoon,Domestic,Goa Beaches
High,Cold,8,Skiing,Winter,International,Canada
High,Sunny,8,Cruise,Spring,International,Mediterranean
Medium,Cool,6,Hiking,Spring,International,Norway
Low,Mild,2,City Break,Autumn,International,Prague
Low,Cold,8,Mountain Climbing,Spring,International,Kilimanjaro
Medium,Hot,3,Island Hopping,Spring,Domestic,Shimla
High,Cold,7,Skiing,Winter,Domestic,Kerala Backwaters
Low,Temperate,4,City Break,Autumn,Domestic,Andaman Islands
Low,Cool,4,Historical,Autumn,Domestic,Mysore
Low,Hot,5,Wildlife,Monsoon,International,Serengeti
Low,Cold,9,Mountain Climbing,Spring,International,Mont Blanc
High,Cool,8,Hiking,Spring,International,New Zealand
High,Cold,9,Skiing,Winter,Domestic,Shimla
Low,Hot,3,Desert Safari,Winter,International,Egypt
High,Cold,9,Mountain Climbing,Spring,Domestic,Rishikesh
Medium,Cold,5,Skiing,Winter,International,Sweden
Medium,Cold,8,Hiking,Autumn,Domestic,Ladakh
Low,Rainy,7,Wildlife,Spring,Domestic,Andaman Islands
Low,Cold,7,Hiking,Autumn,International,New Zealand
Medium,Sunny,8,Cruise,Summer,International,Greek Islands
High,Warm,6,Beach,Spring,International,Cancun
Low,Mild,8,Cruise,Summer,Domestic,Sundarbans
Low,Warm,4,Island Hopping,Spring,Domestic,Mysore
Medium,Cool,8,Hiking,Autumn,Domestic,Rajasthan Forts
Low,Cool,4,City Break,Autumn,International,Paris
Medium,Temperate,3,Historical,Spring,International,Kyoto
Medium,Cold,9,Mountain Climbing,Summer,International,Everest Base Camp
